# ID	Amino_acids	Codons
NC_000005.10:g.69118507G>A	R/Q	cGa/cAa
NC_000014.9:g.23375770C>T	R/W	Cgg/Tgg
NC_000003.12:g.49100296C>A	G/V	gGt/gTt
NC_000004.12:g.1807260T>C	V/A	gTg/gCg
NC_000001.11:g.222628319A>T	T/S	Act/Tct
NC_000006.12:g.35462909G>A	A/T	Gct/Act
NC_000009.12:g.136510689G>A	R/C	Cgc/Tgc
NC_000023.11:g.154969508C>T	G/R	Gga/Aga
NC_000005.10:g.45461967C>G	R/T	aGa/aCa
NC_000001.11:g.161766407G>T	S/I	aGc/aTc
NC_000002.12:g.26444747T>C	W/R	Tgg/Cgg
NC_000017.11:g.38335201G>A	H/Y	Cac/Tac
NC_000003.12:g.4665285A>G	R/G	Agg/Ggg
NC_000010.11:g.47348974G>T	A/S	Gcc/Tcc
NC_000014.9:g.24081471A>G	L/P	cTg/cCg
NC_000005.10:g.150129831C>T	R/Q	cGg/cAg
NC_000023.11:g.68521385G>C	D/H	Gac/Cac
NC_000003.12:g.52452217C>A	A/S	Gct/Tct
NC_000012.12:g.101737877T>C	Q/R	cAg/cGg
NC_000001.11:g.11030840A>G	V/A	gTg/gCg
NC_000019.10:g.15550690G>C	R/P	cGc/cCc
NC_000020.11:g.33288741A>G	K/R	aAg/aGg
NC_000016.10:g.768698G>A	R/H	cGt/cAt
NC_000015.10:g.34790458T>C	E/G	gAg/gGg
NC_000009.12:g.17340841T>A	D/E	gaT/gaA
NC_000023.11:g.108696350G>T	R/L	cGa/cTa
NC_000019.10:g.35746735T>G	L/R	cTc/cGc
NC_000003.12:g.113330342A>T	D/E	gaT/gaA
NC_000006.12:g.10877296C>T	G/S	Ggc/Agc
NC_000010.11:g.133368964G>T	A/D	gCc/gAc
NC_000017.11:g.80112922C>A	D/E	gaC/gaA
NC_000011.10:g.89191364G>A	E/K	Gaa/Aaa
NC_000001.11:g.34761477C>T	R/C	Cgc/Tgc
NC_000005.10:g.171876352G>T	A/D	gCt/gAt
NC_000013.11:g.38689652G>A	V/M	Gtg/Atg
NC_000002.12:g.189010695T>G	H/Q	caT/caG
NC_000018.10:g.46477710C>T	R/H	cGc/cAc
NC_000013.11:g.38692074T>C	I/T	aTt/aCt
NC_000019.10:g.48303998C>T	D/N	Gac/Aac
NC_000001.11:g.156163009T>G	F/C	tTt/tGt
NC_000009.12:g.132921429A>C	M/R	aTg/aGg
NC_000013.11:g.113118772T>G	C/G	Tgt/Ggt
NC_000012.12:g.52488365C>G	A/P	Gcc/Ccc
NC_000017.11:g.43067628G>A	T/I	aCt/aTt
NC_000016.10:g.2056753G>A	C/Y	tGc/tAc
NC_000017.11:g.41503385G>A	R/W	Cgg/Tgg
NC_000006.12:g.45431915G>A	G/D	gGt/gAt
NC_000023.11:g.111401157T>C	K/E	Aag/Gag
NC_000002.12:g.99361611A>T	E/V	gAg/gTg
NC_000009.12:g.136434050C>T	G/S	Ggc/Agc
NC_000011.10:g.6632249G>A	T/I	aCa/aTa
NC_000012.12:g.125652514C>T	A/V	gCg/gTg
NC_000012.12:g.118139489A>G	N/S	aAt/aGt
NC_000015.10:g.55230423A>C	W/G	Tgg/Ggg
NC_000023.11:g.154462248G>A	A/T	Gcc/Acc
NC_000014.9:g.77555325G>A	S/F	tCt/tTt
NC_000007.14:g.76434087C>G	R/G	Cga/Gga
NC_000003.12:g.45516118C>T	T/M	aCg/aTg
NC_000003.12:g.11259094G>C	K/N	aaG/aaC
NC_000010.11:g.114045277A>G	D/G	gAc/gGc
NC_000008.11:g.142875730G>T	A/D	gCc/gAc
NC_000014.9:g.92004858T>C	I/V	Ata/Gta
NC_000016.10:g.70921012G>T	P/Q	cCg/cAg
NC_000005.10:g.129461632G>A	G/S	Ggc/Agc
NC_000008.11:g.10613247G>A	P/L	cCg/cTg
NC_000007.14:g.117590355C>A	A/E	gCa/gAa
NC_000008.11:g.10609650G>A	A/V	gCc/gTc
NC_000001.11:g.161209915C>A	P/Q	cCa/cAa
NC_000023.11:g.38403671C>A	N/K	aaC/aaA
NC_000023.11:g.38411938T>A	V/D	gTc/gAc
NC_000011.10:g.46726761G>A	E/K	Gaa/Aaa
NC_000019.10:g.18599720C>T	R/H	cGc/cAc
NC_000003.12:g.93898524T>C	N/S	aAt/aGt
NC_000019.10:g.41986168T>A	Q/L	cAg/cTg
NC_000011.10:g.77156903C>T	R/C	Cgt/Tgt
NC_000007.14:g.150951493T>C	T/A	Acc/Gcc
NC_000002.12:g.47475171G>C	A/P	Gca/Cca
NC_000006.12:g.31792877G>A	R/C	Cgc/Tgc
NC_000020.11:g.2403685A>G	I/V	Atc/Gtc
NC_000022.11:g.50627368C>T	G/D	gGc/gAc
NC_000017.11:g.44915261G>C	L/V	Ctc/Gtc
NC_000016.10:g.3590784C>T	A/T	Gcg/Acg
NC_000003.12:g.46991623A>C	D/A	gAc/gCc
NC_000012.12:g.123758010A>G	N/S	aAt/aGt
NC_000023.11:g.70259585G>A	L/F	Ctc/Ttc
NC_000006.12:g.161785820G>A	R/W	Cgg/Tgg
NC_000019.10:g.7647478A>G	R/G	Agg/Ggg
NC_000001.11:g.85267691C>T	G/E	gGa/gAa
NC_000016.10:g.88428416G>A	E/K	Gag/Aag
NC_000001.11:g.196429671G>T	T/N	aCt/aAt
NC_000017.11:g.41624218A>C	Y/D	Tac/Gac
NC_000019.10:g.11378084G>A	A/V	gCc/gTc
NC_000020.11:g.763900A>C	F/C	tTc/tGc
NC_000016.10:g.56511214C>A	G/V	gGt/gTt
NC_000006.12:g.111591806C>T	S/N	aGt/aAt
NC_000018.10:g.26501144G>C	P/R	cCt/cGt
NC_000014.9:g.102002694G>A	R/Q	cGg/cAg
NC_000022.11:g.50077414C>A	C/F	tGc/tTc
NC_000001.11:g.28993490T>C	M/T	aTg/aCg
NC_000006.12:g.123547361C>T	E/K	Gag/Aag
